From,To
Refugee Council,Migrants' Rights Network
Refugee Council,Praxis
Refugee Council,Migrant Help
Refugee Council,Rainbow Migration
Refugee Council,One Strong Voice
Refugee Council,After Exploitation
Refugee Council,Refugee Survival Trust
Refugee Council,Refugee Action York
Refugee Council,Young Roots
Refugee Council,Migrant Action
Refugee Council,UCL StudentActionForRefugees
Refugee Council,Bristol Refugee Rights
Refugee Council,Sancuary in Chichester
Refugee Council,Refugee Action Scotland
Refugee Council,Joint Council for the Welfare of Immigrants
Refugee Council,Lesbians and Gays Support the Migrants
Refugee Council,Haringey Welcome
Refugee Council,Cambridge Refugee Scholarship Campaign
Refugee Council,Sanctuary on Sea
Refugee Council,Bath STAR
Refugee Council,Birmingham STAR
Refugee Council,Goldsmiths STAR
Refugee Council,Sheffield Hallam STAR
Refugee Council,Durham STAR
Refugee Council,Sussex STAR
Refugee Council,CARAS
Refugee Council,STAR
Refugee Council,Racial Justice Network
Refugee Council,Play for Progress
Refugee Council,Refugee Education UK
Refugee Council,Bristol City of Sanctuary
Refugee Council,Voices Without Borders
Refugee Council,Croydon Refugee Forum
Refugee Council,No Evictions Network Glasgow
Refugee Council,Hastings Community of Sanctuary
Refugee Council,Lewisham Refugee Migrant Network
Refugee Council,Scottish Detainee Visitors
Refugee Council,Freedom from Torture
Refugee Council,Women for Refugee Women
Refugee Council,Scottish Refugee Council
Refugee Council,Jesuit Refugee Service UK
Refugee Council,Say It Loud Club
Refugee Council,Human Rights Solidarity
Refugee Council,Bridport Refugee Support
Refugee Council,ECPAT UK
Refugee Council,Hope for the Young
Refugee Council,VOICES Network UK
Refugee Council,Detention Action
Refugee Council,Helen Bamber Foundation
Refugee Council,Refugee Solidarity Summit
Refugee Council,Right To Remain
Refugee Council,Hummingbird Refugee Project 
Refugee Council,Kent Refugee Action Network
Refugee Council,Refugee Women Connect
Refugee Council,Hackney Migrant Centre
Refugee Council,UKC StudentActionForRefugees
Refugee Council,Migrant Voice
Refugee Council,Migrants Organise
Refugee Council,Safe Passage
Refugee Council,Lancaster City of Sanctuary
Refugee Council,Refugee Action
Refugee Action,Rainbow Migration
Refugee Action,Lewisham Refugee Migrant Network
Refugee Action,Refugee Action York
Refugee Action,STAR
Refugee Action,Detention Action
Refugee Action,Refugee Council
Refugee Action,Freedom from Torture
Refugee Action,Refugee Women Connect
Refugee Action,Kent Refugee Action Network