Organisation,Followers
Migrants' Rights Network,7548
Praxis,854
Migrant Help,852
Rainbow Migration,4264
One Strong Voice,817
After Exploitation,1214
Refugee Survival Trust,1071
Refugee Action York,804
Young Roots,1529
Migrant Action,3774
UCL StudentActionForRefugees,727
Bristol Refugee Rights,2229
Sancuary in Chichester,766
Refugee Action Scotland,955
Joint Council for the Welfare of Immigrants,7458
Lesbians and Gays Support the Migrants,17600
Haringey Welcome,405
Cambridge Refugee Scholarship Campaign,238
Sanctuary on Sea,668
Bath STAR,600
Birmingham STAR,847
Goldsmiths STAR,868
Sheffield Hallam STAR,255
Durham STAR,900
Sussex STAR,1342
CARAS,1060
STAR,3920
Racial Justice Network,7605
Play for Progress,1071
Refugee Education UK,2913
Bristol City of Sanctuary,936
Voices Without Borders,1090
Croydon Refugee Forum,367
No Evictions Network Glasgow,6089
Hastings Community of Sanctuary,388
Lewisham Refugee Migrant Network,1552
Scottish Detainee Visitors,856
Freedom from Torture,40600
Women for Refugee Women,8608
Scottish Refugee Council,6582
Jesuit Refugee Service UK,1169
Say It Loud Club,4249
Human Rights Solidarity,1629
Bridport Refugee Support,454
ECPAT UK,869
Hope for the Young,942
VOICES Network UK,1036
Detention Action,9110
Helen Bamber Foundation,2192
Refugee Solidarity Summit,3549
Right To Remain,3835
Hummingbird Refugee Project ,3475
Kent Refugee Action Network,1839
Refugee Women Connect,4349
Hackney Migrant Centre,1742
UKC StudentActionForRefugees,756
Migrant Voice,3448
Migrants Organise,6956
Safe Passage,9617
Lancaster City of Sanctuary,540
Refugee Action,19800
Refugee Council,26500